City ID,City,Latitude,Longitude,Max temperature(F),Humidity(%),Cloudiness(%),Wind Speed(mph),Country,Date
0,Albany,42.6,-73.97,59.0,94,0,8.97,US,1601521684
1,Marzuq,14.4,46.47,72.5,41,0,3.58,YE,1601522201
2,Pevek,69.7,170.31,37.09,80,0,7.18,RU,1601521881
3,Rawson,-43.3,-65.1,51.58,44,11,24.36,AR,1601522033
4,Rikitea,-23.12,-134.97,72.28,82,85,24.7,PF,1601521864
5,Karratha,-20.74,116.85,91.56,16,19,9.46,AU,1601521991
6,Batagay-Alyta,67.8,130.41,31.8,79,54,4.36,RU,1601522202
7,Monte Alegre,-2.01,-54.07,79.95,66,33,7.67,BR,1601522203
8,Bambous Virieux,-20.34,57.76,73.0,93,75,4.7,MU,1601521947
9,Airai,-8.93,125.41,79.39,43,45,7.78,TL,1601521919
10,Ligayan,4.65,119.47,84.25,69,26,5.39,PH,1601521961
11,Puerto Ayora,-0.74,-90.35,66.99,89,95,5.99,EC,1601521911
12,Whitecourt,54.15,-115.69,50.0,46,20,10.29,CA,1601522203
13,Carupano,10.67,-63.26,79.34,84,100,4.03,VE,1601522204
14,Kapaa,22.08,-159.32,84.2,66,40,5.82,US,1601521875
15,Punta Arenas,-53.15,-70.92,32.0,89,20,18.34,CL,1601521874
16,Mahébourg,-20.41,57.7,66.2,93,75,4.7,MU,1601521883
17,Ushuaia,-54.8,-68.3,30.2,86,90,27.51,AR,1601521865
18,Manokwari,-0.87,134.08,84.16,68,98,4.21,ID,1601522113
19,Caravelas,-17.71,-39.25,72.55,89,0,5.53,BR,1601521962
20,Vaini,-21.2,-175.2,77.0,88,40,13.87,TO,1601521907
21,Pangody,65.85,74.49,42.46,96,99,4.18,RU,1601521926
22,Wellington,-41.29,174.78,59.0,51,0,14.99,NZ,1601522014
23,Mataram,-8.58,116.12,89.6,52,40,16.11,ID,1601522060
24,Barrow,71.29,-156.79,32.0,94,90,24.16,US,1601521898
25,Okhotsk,59.38,143.3,54.77,52,0,7.56,RU,1601521963
26,Mayo,38.89,-76.51,64.0,72,1,5.82,US,1601521957
27,Taoudenni,22.68,-3.98,91.63,11,0,5.84,ML,1601522207
28,Avarua,-21.21,-159.78,78.8,88,21,11.41,CK,1601521888
29,Kuching,1.55,110.33,87.8,74,40,3.36,MY,1601521955
30,Tasiilaq,65.61,-37.64,35.6,51,97,5.82,GL,1601521910
31,Mar del Plata,-38.0,-57.56,55.0,87,91,3.36,AR,1601521954
32,Ilulissat,69.22,-51.1,19.4,62,0,8.05,GL,1601521888
33,Nuuk,64.18,-51.72,30.2,50,1,12.75,GL,1601522209
34,Hilo,19.73,-155.09,84.2,70,40,8.05,US,1601521753
35,Aksarka,66.56,67.8,42.66,88,17,10.16,RU,1601522210
36,Port Elizabeth,-33.92,25.57,55.4,87,90,3.36,ZA,1601521991
37,Atuona,-9.8,-139.03,78.39,77,1,21.79,PF,1601521901
38,Busselton,-33.65,115.33,62.01,73,100,11.99,AU,1601521881
39,Taywarah,33.35,64.42,41.74,52,0,0.92,AF,1601522211
40,Hobart,-42.88,147.33,60.01,41,40,17.22,AU,1601521777
41,Solnechnyy,50.72,136.63,56.08,55,0,3.83,RU,1601522211
42,Letterkenny,54.95,-7.73,41.14,88,0,4.14,IE,1601522212
43,Tautira,-17.73,-149.15,84.2,62,20,6.93,PF,1601522212
44,Daru,-9.08,143.21,79.43,76,100,15.3,PG,1601522213
45,Provideniya,64.38,-173.3,44.6,73,1,11.18,RU,1601521870
46,Fatsa,41.03,37.5,68.0,82,75,4.7,TR,1601522213
47,Qaanaaq,77.48,-69.36,11.19,77,0,7.27,GL,1601521890
48,Balkhash,46.84,74.98,37.4,51,20,20.13,KZ,1601522213
49,Kaitangata,-46.28,169.85,54.0,60,98,11.01,NZ,1601521935
50,Bulungu,-4.55,18.6,70.2,94,13,0.6,CD,1601522215
51,Bluff,-46.6,168.33,51.89,62,100,4.14,NZ,1601521913
52,Esperance,-33.87,121.9,66.2,63,7,12.75,AU,1601521904
53,Ostrovnoy,68.05,39.51,42.8,89,1,10.96,RU,1601522003
54,Port Blair,11.67,92.75,82.96,78,100,17.34,IN,1601522019
55,Ibiá,-19.48,-46.54,81.57,33,92,9.26,BR,1601522219
56,Esim,4.87,-2.24,75.61,90,100,9.06,GH,1601521957
57,Castro,-24.79,-50.01,63.34,90,1,6.71,BR,1601521866
58,Cape Town,-33.93,18.42,55.0,66,75,21.92,ZA,1601521874
59,Butaritari,3.07,172.79,82.11,73,8,16.91,KI,1601521891
60,Leh,34.17,77.58,44.8,50,0,4.47,IN,1601522041
61,Kondoa,-4.9,35.78,58.95,91,24,5.7,TZ,1601522221
62,Saint George,37.1,-113.58,78.8,9,1,4.7,US,1601521912
63,Bahía Blanca,-38.72,-62.27,54.3,36,0,12.82,AR,1601522222
64,Nanortalik,60.14,-45.24,35.17,72,100,4.09,GL,1601522010
65,Kavaratti,10.57,72.64,81.25,77,39,12.35,IN,1601522014
66,Zhigansk,66.77,123.37,32.92,89,74,5.23,RU,1601522223
67,Carnarvon,-24.87,113.63,71.6,73,0,19.46,AU,1601521895
68,Yuzhnyy,53.25,83.69,39.2,86,75,11.18,RU,1601522223
69,Tam Ky,15.57,108.48,87.8,74,40,3.36,VN,1601522224
70,Kruisfontein,-34.0,24.73,50.0,90,100,1.01,ZA,1601521899
71,George Town,5.41,100.34,87.8,74,20,2.24,MY,1601521872
72,La Ronge,55.1,-105.28,42.8,81,90,4.7,CA,1601522225
73,Alekseyevskoye,55.31,50.11,39.2,93,100,3.47,RU,1601522225
74,Mount Isa,-20.73,139.5,91.4,15,86,9.17,AU,1601521995
75,Misratah,32.38,15.09,73.89,81,0,11.34,LY,1601522226
76,Nikolskoye,59.7,30.79,46.0,93,50,6.71,RU,1601521996
77,Upernavik,72.79,-56.15,22.84,88,2,6.67,GL,1601521900
78,Pāsighāt,28.07,95.33,86.49,57,0,2.75,IN,1601522227
79,Longyearbyen,78.22,15.64,35.6,93,40,4.7,SJ,1601521983
80,Bredasdorp,-34.53,20.04,55.4,71,100,18.34,ZA,1601521871
81,Yilan,24.76,121.75,82.0,99,77,5.7,TW,1601522228
82,Mataura,-46.19,168.86,56.57,55,97,5.12,NZ,1601521917
83,Yulara,-25.24,130.99,89.6,17,0,14.99,AU,1601521907
84,Isetskoye,56.49,65.32,46.94,89,9,3.74,RU,1601522228
85,Gushikawa,26.35,127.87,84.2,66,40,12.75,JP,1601522229
86,Tuktoyaktuk,69.45,-133.04,37.4,93,90,16.11,CA,1601521945
87,Lebanon,36.21,-86.29,64.4,63,1,9.17,US,1601522191
88,Billings Metropolitan Area,45.78,-108.5,59.0,33,75,6.93,US,1601522226
89,Priozyornoye,45.27,36.33,63.61,73,42,2.42,UA,1601522230
90,Yangi Marg`ilon,40.43,71.72,48.2,93,0,4.7,UZ,1601521877
91,Fenelon Falls,44.53,-78.75,48.0,100,1,4.97,CA,1601522230
92,Thompson,55.74,-97.86,37.4,90,75,11.41,CA,1601521897
93,Xichang,27.9,102.26,74.37,70,59,2.42,CN,1601521994
94,General Pico,-35.66,-63.76,50.4,47,0,5.82,AR,1601522231
95,Pospelikha,51.95,81.77,41.13,68,89,6.22,RU,1601522231
96,Haines Junction,60.75,-137.51,43.9,82,96,4.76,CA,1601522031
97,Baruun-Urt,46.68,113.28,40.42,86,100,17.43,MN,1601522232
98,Constitución,-35.33,-72.42,46.08,73,98,11.39,CL,1601522005
99,Bethel,41.37,-73.41,60.8,59,1,8.05,US,1601521950
100,San Cristobal,7.77,-72.22,64.9,87,59,1.81,VE,1601521965
101,Dikson,73.51,80.55,40.73,97,100,20.47,RU,1601521905
102,Vao,-22.67,167.48,68.49,68,24,18.75,NC,1601521960
103,Coyhaique,-45.58,-72.07,42.8,86,90,3.36,CL,1601521886
104,Santo Antônio de Jesus,-12.97,-39.26,66.65,98,68,3.15,BR,1601522233
105,Cayenne,4.93,-52.33,78.8,94,40,1.12,GF,1601522234
106,Wałcz,53.28,16.47,50.0,95,100,6.73,PL,1601522234
107,Mafinga,-7.25,35.07,62.19,69,0,2.68,TZ,1601522234
108,Gamba,-2.65,10.0,73.92,79,100,3.44,GA,1601522235
109,Kroya,-7.63,109.25,77.0,70,55,9.62,ID,1601522235
110,Petrov Val,50.14,45.21,50.7,47,48,10.69,RU,1601522235
111,Sinnamary,5.38,-52.95,79.2,85,87,11.14,GF,1601522236
112,Boshan,36.48,117.83,75.0,58,32,3.0,CN,1601522236
113,Malbork,54.04,19.03,55.0,90,100,7.65,PL,1601522236
114,Avera,33.19,-82.53,57.2,68,1,3.42,US,1601522236
115,Launceston,-41.45,147.17,57.99,44,40,17.22,AU,1601522237
116,Burdur,37.72,30.29,51.8,66,0,5.82,TR,1601521949
117,Tiksi,71.69,128.87,27.1,94,98,23.87,RU,1601521965
118,Kavieng,-2.57,150.8,84.13,72,89,5.93,PG,1601521897
119,Pastavy,55.12,26.83,47.35,73,95,9.24,BY,1601522238
120,Opuwo,-18.06,13.84,50.49,45,0,1.77,NA,1601522238
121,Pangnirtung,66.15,-65.71,25.72,86,0,7.65,CA,1601522239
122,Maple Creek,49.92,-109.48,44.78,59,0,4.09,CA,1601522239
123,Lamin,13.35,-16.43,75.2,88,75,13.87,GM,1601522239
124,Lilongwe,-13.97,33.79,66.47,59,29,4.12,MW,1601522240
125,Kenitra,34.26,-6.58,60.8,93,0,3.36,MA,1601522240
126,Lebu,-37.62,-73.65,44.02,75,0,4.41,CL,1601521890
127,Porto Nacional,-10.71,-48.42,82.4,61,57,3.36,BR,1601522241
128,Petrozavodsk,61.78,34.35,44.6,100,20,2.24,RU,1601522241
129,Bonavista,48.65,-53.11,64.99,73,44,5.01,CA,1601522242
130,Dakar,14.69,-17.44,78.8,88,20,5.82,SN,1601521964
131,Arraial do Cabo,-22.97,-42.03,73.18,90,68,24.29,BR,1601521747
132,Mitzic,0.78,11.55,67.08,99,100,3.74,GA,1601522243
133,Saint-Augustin,51.23,-58.65,61.83,91,100,38.01,CA,1601522243
134,Paraíso,9.84,-83.87,68.0,100,93,3.36,CR,1601522119
135,Vostok,46.49,135.88,57.52,50,100,0.89,RU,1601522244
136,Isabela,6.71,121.97,86.0,79,20,9.17,PH,1601522244
137,Jamestown,42.1,-79.24,54.0,76,90,19.46,US,1601521875
138,Saint-Philippe,-21.36,55.77,71.6,64,90,6.93,RE,1601521944
139,East London,-33.02,27.91,62.17,79,80,18.7,ZA,1601521670
140,Aklavik,68.22,-135.01,32.0,82,90,5.28,CA,1601521892
141,Saint Paul Harbor,57.79,-152.41,51.8,87,90,17.22,US,1601521883
142,Necochea,-38.55,-58.74,44.01,93,62,10.83,AR,1601521907
143,Srednekolymsk,67.45,153.68,43.54,56,0,14.14,RU,1601522246
144,Dutse,11.76,9.34,72.73,84,20,8.03,NG,1601522246
145,Fort Nelson,58.81,-122.7,57.2,33,75,9.17,CA,1601522110
146,Whangamata,-37.2,175.87,59.0,70,49,7.09,NZ,1601522247
147,Katsuura,35.13,140.3,71.01,93,75,4.7,JP,1601522247
148,Tuensang,26.28,94.83,81.0,65,83,1.12,IN,1601522248
149,Nome,64.5,-165.41,48.99,61,90,19.46,US,1601522248
150,Labuhan,-6.88,112.21,87.85,58,5,3.2,ID,1601521870
151,California City,35.13,-117.99,86.0,23,1,16.11,US,1601522175
152,Puerto del Rosario,28.5,-13.86,69.8,77,89,6.93,ES,1601522249
153,Humaitá,-7.51,-63.02,74.5,88,100,1.61,BR,1601522249
154,Hamilton,39.18,-84.53,62.01,53,52,3.0,US,1601521646
155,Torbay,47.67,-52.73,70.0,94,75,20.8,CA,1601521876
156,Awjilah,29.11,21.29,71.37,68,46,9.28,LY,1601521996
157,Itoman,26.12,127.67,84.2,65,40,16.11,JP,1601522250
158,Tabuk,17.42,121.44,84.78,72,100,2.98,PH,1601522251
159,Teguise,29.06,-13.56,65.68,85,90,13.13,ES,1601522251
160,Namie,37.48,141.0,68.0,83,100,3.31,JP,1601522252
161,Ōme,35.78,139.24,70.0,82,90,3.36,JP,1601522252
162,Djambala,-2.54,14.75,66.79,98,100,2.24,CG,1601522253
163,Codrington,-38.27,141.97,60.15,63,56,12.37,AU,1601521904
164,Laguna,38.42,-121.42,86.0,39,1,8.63,US,1601521931
165,Lompoc,34.64,-120.46,60.8,87,1,7.23,US,1601522232
166,Padang,-0.95,100.35,78.8,83,40,9.17,ID,1601522052
167,Hasaki,35.73,140.83,68.0,93,75,4.7,JP,1601521894
168,Tezu,27.92,96.17,88.27,47,0,2.19,IN,1601522255
169,Faanui,-16.48,-151.75,78.91,78,25,24.54,PF,1601521868
170,Talnakh,69.49,88.4,28.4,100,40,8.95,RU,1601521924
171,Qandala,11.47,49.87,82.8,60,0,4.07,SO,1601522256
172,São João da Barra,-21.64,-41.05,74.07,88,0,18.52,BR,1601521942
173,Chokwé,-24.53,32.98,69.48,88,90,7.76,MZ,1601522256
174,São Filipe,14.9,-24.5,79.81,79,0,9.82,CV,1601521982
175,Bengkulu,-3.8,102.27,87.4,58,8,3.0,ID,1601521967
176,Aswān,24.09,32.91,81.41,26,0,8.23,EG,1601521938
177,Gurupá,-1.41,-51.64,73.53,95,30,5.44,BR,1601522257
178,Jati,24.35,68.27,81.97,75,0,13.06,PK,1601522257
179,Ambulu,-8.35,113.61,86.68,61,26,6.85,ID,1601522258
180,Port Alfred,-33.59,26.89,60.08,73,75,12.55,ZA,1601521894
181,Ponta Delgada,37.73,-25.67,68.0,82,75,8.05,PT,1601522259
182,Kharabali,47.42,47.26,53.01,89,0,13.31,RU,1601522259
183,Babu,24.42,111.52,75.09,77,100,1.19,CN,1601522259
184,Sørland,67.67,12.69,52.59,84,92,9.4,NO,1601521898
185,Hermanus,-34.42,19.23,52.0,79,100,11.99,ZA,1601521877
186,Severo-Kuril'sk,50.68,156.12,52.27,80,49,6.98,RU,1601521930
187,Mossamedes,-15.2,12.15,60.69,89,8,7.63,AO,1601521952
188,Touros,-5.2,-35.46,75.2,88,40,4.7,BR,1601521981
189,Moranbah,-22.0,148.05,84.74,30,0,6.46,AU,1601521929
190,Margate,51.38,1.39,60.01,99,100,17.96,GB,1601522261
191,Clyde River,70.47,-68.59,26.6,100,75,14.99,CA,1601521885
192,Roboré,-18.33,-59.75,84.4,35,10,5.5,BO,1601522261
193,Comodoro Rivadavia,-45.87,-67.5,39.2,69,83,16.11,AR,1601521708
194,Saint-François,46.42,3.91,50.0,100,97,2.24,FR,1601521953
195,Cidreira,-30.18,-50.21,69.3,92,35,5.88,BR,1601521907
196,Lander,42.83,-108.73,53.6,40,1,9.17,US,1601522262
197,Ponta do Sol,32.67,-17.1,68.0,82,75,13.87,PT,1601521873
198,Hithadhoo,-0.6,73.08,82.78,73,100,5.08,MV,1601521863
199,Āsasa,7.1,39.2,52.45,82,88,1.16,ET,1601522263
200,Mocuba,-16.84,36.99,70.72,89,60,3.0,MZ,1601522263
201,Acajutla,13.59,-89.83,71.01,100,100,3.62,SV,1601522039
202,Husavik,66.04,-17.34,39.2,86,90,11.41,IS,1601522263
203,Saskylakh,71.92,114.08,28.53,95,87,1.83,RU,1601521913
204,Cherskiy,68.75,161.3,41.58,65,100,16.28,RU,1601522264
205,Parambu,-6.21,-40.69,73.81,42,41,7.83,BR,1601522264
206,Larap,14.3,122.65,86.07,75,100,2.24,PH,1601522265
207,Bud,39.45,-86.18,55.0,66,1,6.98,US,1601522265
208,Flinders,-34.58,150.86,75.0,42,0,7.0,AU,1601522043
209,Xining,36.62,101.77,52.48,60,81,3.22,CN,1601522266
210,Sangar,63.92,127.47,36.36,79,100,4.5,RU,1601522266
211,Malakal,9.53,31.66,69.73,97,82,2.13,SS,1601522267
212,Tual,-5.67,132.75,81.09,80,95,18.75,ID,1601522267
213,Chui,-33.7,-53.46,60.87,93,0,6.49,UY,1601521867
214,San Patricio,19.22,-104.7,79.48,79,100,3.13,MX,1601521888
215,Governador Dix-Sept Rosado,-5.46,-37.52,72.03,75,1,7.74,BR,1601522268
216,Tabou,4.42,-7.35,76.82,87,100,8.61,CI,1601522268
217,San Rafael,-34.62,-68.33,56.95,36,0,4.94,AR,1601522268
218,Nālūt,30.33,10.85,74.34,25,0,7.74,LY,1601522269
219,Ribeira Grande,38.52,-28.7,69.04,81,17,11.65,PT,1601521886
220,Eyl,7.98,49.82,76.32,80,63,11.56,SO,1601522270
221,New Norfolk,-42.78,147.06,60.01,49,74,5.01,AU,1601521878
222,Santa Rosa,14.31,121.11,91.99,70,40,3.36,PH,1601522270
223,Cabo San Lucas,22.89,-109.91,84.0,78,5,4.7,MX,1601521743
224,Msanga,-6.05,36.03,64.4,82,5,11.41,TZ,1601522271
225,Chamonix,45.92,6.87,42.01,95,77,5.35,FR,1601522271
226,Cassilândia,-19.11,-51.73,83.14,19,0,3.85,BR,1601522271
227,Northam,51.03,-4.22,52.0,82,96,7.0,GB,1601521936
228,Angoram,-4.06,144.07,84.45,85,72,1.23,PG,1601522272
229,Umluj,25.02,37.27,82.69,48,0,7.0,SA,1601522272
230,Richards Bay,-28.78,32.04,67.46,77,0,17.52,ZA,1601522273
231,Farim,12.48,-15.22,80.6,78,20,5.03,GW,1601522273
232,Bichena,10.45,38.2,51.64,100,99,1.54,ET,1601522274
233,Yellowknife,62.46,-114.35,39.2,100,75,5.82,CA,1601521866
234,Viedma,-40.81,-63.0,46.76,62,0,8.72,AR,1601522274
235,Nipawin,53.37,-104.0,42.8,93,90,13.87,CA,1601522275
236,Sayansk,54.11,102.16,35.82,75,25,2.95,RU,1601522275
237,Itarema,-2.92,-39.92,77.59,77,0,17.22,BR,1601522275
238,Araouane,18.9,-3.53,92.84,13,0,9.01,ML,1601522276
239,Vila Franca do Campo,37.72,-25.43,68.0,82,75,8.05,PT,1601522276
240,Bandarbeyla,9.49,50.81,77.09,82,35,20.22,SO,1601522277
241,Gazojak,41.19,61.4,56.12,34,0,6.51,TM,1601522277
242,Troitsko-Pechorsk,62.71,56.2,43.11,95,63,4.72,RU,1601522278
243,Zhangjiakou,40.81,114.88,59.94,33,0,13.91,CN,1601522278
244,Petropavlovsk-Kamchatskiy,53.05,158.65,62.6,42,14,8.95,RU,1601522279
245,Abrau-Dyurso,44.69,37.59,59.0,87,20,6.71,RU,1601522279
246,Tiznit Province,29.58,-9.5,65.35,76,0,1.03,MA,1601521974
247,Ugep,5.81,8.08,72.3,99,99,1.7,NG,1601522280
248,Grindavik,63.84,-22.43,37.4,100,75,9.17,IS,1601522280
249,Yichun,47.7,128.9,56.14,46,2,7.38,CN,1601522281
250,Bathsheba,13.22,-59.52,82.4,83,40,13.87,BB,1601521926
251,Alice Springs,-23.7,133.88,84.2,15,0,16.11,AU,1601522153
252,Bariloche,-41.15,-71.31,37.4,69,20,20.8,AR,1601522282
253,Westport,41.14,-73.36,68.0,56,1,17.22,US,1601522041
254,Camacupa,-12.02,17.48,62.56,90,100,5.19,AO,1601522282
255,Halifax,44.65,-63.57,63.0,97,99,1.01,CA,1601522057
256,Norman Wells,65.28,-126.83,50.0,66,75,8.05,CA,1601521605
257,Berezayka,57.99,33.9,45.59,88,52,5.95,RU,1601522283
258,Borogontsy,62.67,131.17,38.39,89,100,9.15,RU,1601522284
259,Sehithwa,-20.47,22.72,70.12,45,24,2.57,BW,1601522284
260,Calamar,10.25,-74.91,82.4,83,40,2.24,CO,1601522285
261,Loei,17.42,101.5,80.6,88,40,3.36,TH,1601522285
262,Llandrindod Wells,52.24,-3.38,50.0,99,85,8.68,GB,1601522285
263,Pisco,-13.7,-76.22,63.0,88,63,12.75,PE,1601522286
264,Barra,-11.09,-43.14,76.8,50,8,10.02,BR,1601522005
265,Geraldton,-28.77,114.6,71.6,53,40,8.05,AU,1601521920
266,Lüderitz,-26.65,15.16,53.56,67,16,10.63,NA,1601521896
267,Sawtell,-30.38,153.1,75.2,53,42,18.34,AU,1601522287
268,Wembley,-31.93,115.8,68.0,59,75,13.87,AU,1601522287
269,Ugoofaaru,5.67,73.0,81.73,74,45,12.28,MV,1601521952
270,Yerofey Pavlovich,53.97,121.97,49.84,64,16,7.09,RU,1601522288
271,Beringovskiy,63.05,179.32,41.72,79,100,11.86,RU,1601521906
272,Arlit,18.74,7.39,90.16,13,17,9.19,NE,1601521901
273,Morón,-34.65,-58.62,64.0,60,0,7.0,AR,1601522143
274,Talaya,61.38,152.75,41.31,80,100,4.5,RU,1601522289
275,Saint-Doulchard,47.1,2.35,57.2,76,90,8.05,FR,1601522289
276,Östersund,63.18,14.64,48.2,93,82,11.41,SE,1601522290
277,Zyryanka,65.75,150.85,44.8,51,0,3.98,RU,1601522290
278,Fuquay-Varina,35.58,-78.8,61.0,93,0,6.17,US,1601522130
279,Jalu,29.03,21.55,71.56,69,3,8.99,LY,1601522291
280,Makakilo City,21.35,-158.09,84.2,58,1,9.17,US,1601522292
281,Troitskoye,52.98,84.68,39.15,75,98,9.91,RU,1601522292
282,Salalah,17.02,54.09,77.0,88,75,5.82,OM,1601522216
283,Elko,41.0,-115.5,71.6,19,1,4.7,US,1601522293
284,Pundaguitan,6.37,126.17,83.71,72,100,2.51,PH,1601521970
285,Polyarny,69.2,33.45,39.2,100,75,2.24,RU,1601522002
286,Asău,46.43,26.4,48.0,93,100,2.48,RO,1601522293
287,Niono,14.25,-5.99,83.97,58,74,8.63,ML,1601522294
288,Faya,18.39,42.45,62.6,77,1,2.26,SA,1601522009
289,Hammerfest,70.66,23.68,50.0,87,61,12.75,NO,1601522294
290,Hong Kong,22.29,114.16,84.0,72,99,3.0,HK,1601521701
291,Omsukchan,62.53,155.8,38.34,88,100,3.36,RU,1601522295
292,Hambantota,6.12,81.12,82.4,88,40,5.82,LK,1601521885
293,Skibbereen,51.55,-9.27,42.8,87,61,6.93,IE,1601522296
294,Río Gallegos,-51.62,-69.22,33.8,69,20,12.75,AR,1601522296
295,Half Moon Bay,37.46,-122.43,75.2,77,40,5.82,US,1601522296
296,Orlik,52.52,99.83,29.23,84,87,2.17,RU,1601521971
297,Kumëny,58.11,49.92,47.52,95,100,4.7,RU,1601522297
298,Gornopravdinsk,60.05,69.9,44.92,94,18,4.59,RU,1601522297
299,Muros,42.78,-9.06,59.0,89,85,1.01,ES,1601521996
300,Quelimane,-17.88,36.89,73.4,94,20,2.24,MZ,1601522029
301,Sorong,-0.88,131.25,84.6,74,100,9.46,ID,1601522298
302,Artyom,40.47,50.33,55.4,71,0,4.7,AZ,1601522299
303,Nhulunbuy,-12.23,136.77,86.0,58,20,12.75,AU,1601522299
304,Klaksvík,62.23,-6.59,42.8,87,100,1.12,FO,1601522018
305,Fort Abbas,29.19,72.85,91.8,24,0,19.06,PK,1601522300
306,Nemuro,43.32,145.57,64.4,68,75,9.17,JP,1601521995
307,Nyurba,63.28,118.33,36.52,69,66,4.72,RU,1601522300
308,Manadhoo,5.77,73.38,81.59,74,55,12.08,MV,1601522301
309,São Raimundo Nonato,-9.02,-42.7,74.44,41,1,4.54,BR,1601522301
310,Pedreiras,-4.57,-44.6,76.06,80,49,3.62,BR,1601522301
311,Harrismith,-28.27,29.13,54.1,87,80,9.62,ZA,1601522301
312,Karatau,43.17,70.47,49.59,52,0,2.48,KZ,1601522302
313,Laizhou,37.18,119.93,70.68,44,95,10.63,CN,1601522302
314,Noumea,-22.28,166.46,73.4,60,75,19.46,NC,1601522303
315,Rantepao,-2.97,119.9,82.65,56,43,4.27,ID,1601521981
316,Cururupu,-1.83,-44.87,74.39,89,59,3.87,BR,1601522303
317,Guerrero Negro,27.98,-114.06,81.09,46,0,11.86,MX,1601521815
318,Te Anau,-45.42,167.72,49.57,72,93,6.22,NZ,1601522026
319,Voh,-20.97,164.7,74.12,50,83,8.25,NC,1601522304
320,Zliten,32.47,14.57,73.13,80,0,12.97,LY,1601522304
321,Henties Bay,-22.12,14.28,54.0,87,98,1.99,NA,1601522305
322,Nizhnevartovsk,60.93,76.55,41.0,93,90,6.71,RU,1601522305
323,Aksha,50.28,113.29,44.85,78,100,12.59,RU,1601522306
324,Tucumã,-0.18,-50.05,78.66,78,84,8.39,BR,1601522306
325,Shimoda,34.67,138.95,66.2,93,90,8.05,JP,1601521927
326,Teluk Nibung,3.0,99.82,85.75,69,65,1.52,ID,1601522307
327,Livingston,55.9,-3.52,48.2,93,90,6.93,GB,1601522307
328,Iqaluit,63.75,-68.51,30.2,63,5,9.17,CA,1601521980
329,Coquimbo,-29.95,-71.34,53.6,81,0,5.82,CL,1601521992
330,Mercedes,-34.65,-59.43,62.01,54,1,17.0,AR,1601522308
331,Khani,41.96,42.96,69.8,49,40,34.45,GE,1601522308
332,Boddam,57.47,-1.78,48.99,93,90,12.75,GB,1601522308
333,Yaan,7.38,8.57,71.24,98,99,4.38,NG,1601522309
334,Souillac,-20.52,57.52,66.2,93,75,4.7,MU,1601521998
335,Berlevåg,70.86,29.09,50.0,87,75,11.41,NO,1601522309
336,Leningradskiy,69.38,178.42,34.43,84,100,0.47,RU,1601521875
337,Tessalit,20.2,1.01,87.13,13,6,8.61,ML,1601522046
338,Cervo,43.67,-7.41,59.0,1,100,13.65,ES,1601522310
339,San Quintín,30.48,-115.95,80.83,38,0,7.09,MX,1601521912
340,Rognan,67.1,15.39,53.01,87,14,8.01,NO,1601522310
341,Labuan,5.28,115.24,87.8,74,20,3.36,MY,1601522077
342,Hastings,50.86,0.57,57.2,93,100,6.93,GB,1601522311
343,Pescia,43.9,10.69,59.0,35,6,1.07,IT,1601522311
344,Saint-Joseph,-21.37,55.62,71.6,64,90,6.93,RE,1601521942
345,Nantucket,41.28,-70.1,61.0,75,1,11.41,US,1601522311
346,Paragominas,-2.97,-47.48,73.56,88,90,3.51,BR,1601522312
347,Gardelegen,52.53,11.4,48.99,99,0,4.59,DE,1601522312
348,Banyumas,-7.51,109.29,77.0,62,45,4.47,ID,1601522312
349,Sulangan,11.14,123.72,83.43,73,100,4.03,PH,1601522313
350,Nacala,-14.54,40.67,69.17,95,5,4.85,MZ,1601522313
351,Baykal'sk,51.51,104.15,35.55,76,76,3.31,RU,1601522314
352,Darnah,32.77,22.64,71.96,71,7,10.33,LY,1601522314
353,Alugan,12.22,125.48,85.32,70,99,6.78,PH,1601522315
354,Port Macquarie,-31.43,152.92,78.8,39,10,13.87,AU,1601522315
355,Metro,-5.11,105.31,87.71,57,2,6.64,ID,1601522316
356,Bānsi,27.18,82.93,82.54,67,0,1.63,IN,1601522316
357,Chokurdakh,70.63,147.92,35.4,80,100,19.44,RU,1601521869
358,Sesheke,-17.48,24.3,69.8,60,89,2.24,ZM,1601522316
359,Abu Samrah,35.3,37.18,66.16,90,0,7.43,SY,1601522317
360,Fairbanks,64.84,-147.72,59.0,38,20,10.29,US,1601522317
361,Honningsvåg,70.98,25.97,50.0,87,75,11.41,NO,1601522317
362,Port-Cartier,50.03,-66.87,50.0,87,40,12.75,CA,1601522318
363,Broome,42.25,-75.83,53.6,66,1,9.17,US,1601522318
364,Bereda,43.27,-7.54,59.0,100,100,7.0,ES,1601522318
365,Nattam,10.23,78.23,82.4,69,100,2.24,IN,1601522319
366,Salekhard,66.53,66.6,42.26,90,74,8.7,RU,1601522319
367,Grand Gaube,-20.01,57.66,73.99,72,1,5.01,MU,1601522320
368,Sola,-13.88,167.55,79.65,83,100,18.05,VU,1601521902
369,Edd,13.93,41.69,86.11,66,33,5.35,ER,1601522320
370,Waipawa,-41.41,175.52,59.0,51,5,14.99,NZ,1601522321
371,Kirakira,-10.45,161.92,82.71,74,100,8.08,SB,1601522322
372,Port-Gentil,-0.72,8.78,77.14,76,100,9.75,GA,1601521950
373,Bell Ville,-32.63,-62.69,62.01,49,0,16.67,AR,1601522322
374,Mountain Home,43.13,-115.69,73.4,25,1,6.93,US,1601522220
375,Mayumba,-3.43,10.66,75.58,78,100,5.99,GA,1601522323
376,Bukama,-9.2,25.85,71.8,78,53,0.2,CD,1601522323
377,Stephenville,32.22,-98.2,71.01,52,1,3.36,US,1601522323
378,Māgadi,12.97,77.23,71.6,83,40,5.82,IN,1601522324
379,Chilca,-12.52,-76.74,62.6,82,75,13.87,PE,1601522324
380,Abnūb,27.27,31.15,77.0,57,17,11.41,EG,1601522324
381,Martapura,-3.42,114.85,89.6,59,40,3.36,ID,1601522325
382,Rio Grande,-32.03,-52.1,64.74,94,72,11.39,BR,1601522047
383,Vestmanna,62.16,-7.17,42.8,87,100,1.12,FO,1601522042
384,Havre-St-Pierre,50.23,-63.6,50.0,81,40,18.34,CA,1601522326
385,Saldanha,-33.01,17.94,51.8,76,0,12.75,ZA,1601522326
386,Zhalantun,48.0,122.72,54.36,59,100,16.15,CN,1601522327
387,Buin,-33.73,-70.75,50.0,71,100,6.93,CL,1601522327
388,Durban,-29.86,31.03,62.01,82,0,8.05,ZA,1601522327
389,Diamantino,-14.41,-56.45,83.39,26,96,5.19,BR,1601522328
390,Vardø,70.37,31.11,51.8,87,75,8.05,NO,1601521896
391,Bida,9.08,6.02,70.86,96,100,1.34,NG,1601522329
392,Aykhal,66.0,111.5,26.6,86,90,4.47,RU,1601522155
393,Berdigestyakh,62.1,126.7,34.21,93,100,9.98,RU,1601522329
394,Sitka,57.05,-135.33,55.4,93,90,8.05,US,1601521949
395,Hualmay,-11.1,-77.61,61.66,84,91,9.24,PE,1601522330
396,Udachny,66.42,112.4,26.6,86,90,4.47,RU,1601521988
397,Sirte,31.21,16.59,70.54,82,0,6.96,LY,1601522331
398,Puerto Baquerizo Moreno,-0.9,-89.6,67.03,87,76,13.13,EC,1601522331
399,Ferme-Neuve,46.7,-75.45,48.61,94,97,7.54,CA,1601521967
400,Hatillo,18.49,-66.83,79.0,96,92,9.69,PR,1601522331
401,Takapau,-40.03,176.35,60.01,53,82,1.01,NZ,1601522332
402,Kenora,49.82,-94.43,44.01,87,90,13.87,CA,1601522332
403,Shenjiamen,29.96,122.3,73.35,71,2,9.98,CN,1601522332
404,Fortuna,40.6,-124.16,59.0,100,90,5.77,US,1601521958
405,Merauke,-8.47,140.33,84.25,58,33,16.8,ID,1601522333
406,Olafsvik,64.89,-23.71,39.31,74,100,2.68,IS,1601521918
407,Izhmorskiy,56.19,86.64,37.31,97,99,6.55,RU,1601522333
408,Pareora,-44.49,171.21,54.16,65,89,11.74,NZ,1601522334
409,Dudinka,69.41,86.18,28.4,100,40,8.95,RU,1601521997
410,Igarka,67.47,86.58,33.04,91,90,3.09,RU,1601522335
411,Bandar-e Anzali,37.47,49.46,65.53,69,12,2.66,IR,1601522335
412,Mariental,-24.63,17.97,45.05,73,0,6.91,NA,1601522335
413,Sabha,27.04,14.43,76.96,45,82,8.66,LY,1601522336
414,Takoradze,4.88,-1.76,75.69,89,71,8.61,GH,1601522336
415,Namatanai,-3.67,152.43,84.42,71,99,5.5,PG,1601522004
416,Tomar,39.6,-8.41,60.01,91,56,3.65,PT,1601522336
417,Kungurtug,50.6,97.52,33.75,81,93,1.07,RU,1601522337
418,Verkhnevilyuysk,63.45,120.32,36.86,71,21,4.14,RU,1601522337
419,Galle,6.04,80.22,82.26,78,96,13.2,LK,1601522133
420,Natal,-5.79,-35.21,75.2,88,40,4.7,BR,1601521732
421,Mahon,39.89,4.27,68.0,77,75,6.93,ES,1601522338
422,Nelson Bay,-32.72,152.15,75.2,44,40,18.34,AU,1601522338
423,Garoowe,8.41,48.48,77.47,62,98,8.48,SO,1601522338
424,Fort Saint James,54.43,-124.25,51.98,88,100,0.51,CA,1601522339
425,Lagoa,39.05,-27.98,69.21,79,58,10.29,PT,1601521973
426,Kendari,-3.94,122.5,88.16,56,79,4.68,ID,1601522285
427,Cherdyn',60.4,56.48,43.9,96,79,2.82,RU,1601522339
428,Chimbote,-9.09,-78.58,61.75,85,92,7.78,PE,1601522194
429,Port Lincoln,-34.73,135.87,65.62,55,1,10.96,AU,1601521916
430,Rāvar,31.27,56.81,61.7,32,1,0.25,IR,1601522340
431,Saint-Pierre,-21.34,55.48,71.6,64,90,6.93,RE,1601522012
432,Buraidah,26.33,43.98,73.4,38,0,2.24,SA,1601522341
433,Ossora,59.24,163.07,46.92,80,98,4.36,RU,1601522341
434,Tres Palos,18.18,-101.62,71.46,86,29,2.26,MX,1601522342
435,Kaeo,-35.1,173.78,62.01,61,62,3.0,NZ,1601522342
436,Lupiro,-8.38,36.67,68.85,80,0,3.94,TZ,1601522342
437,Cumberland,35.05,-78.87,63.0,87,1,4.7,US,1601522343
438,Arrondissement du Havre,49.58,0.33,57.2,93,100,6.93,FR,1601522343
439,Port Shepstone,-30.74,30.45,63.18,77,0,18.5,ZA,1601522343
440,Mugumu,-1.85,34.7,62.58,84,89,3.02,TZ,1601522344
441,Turukhansk,65.82,87.98,30.27,94,98,2.93,RU,1601521918
442,Ramotswa,-24.87,25.87,62.6,77,90,10.29,BW,1601522344
443,Fershampenuaz,53.52,59.81,45.93,91,3,1.74,RU,1601522345
444,Mount Gambier,-37.83,140.77,60.8,59,40,17.22,AU,1601522018
445,Eskil,38.4,33.41,57.07,45,0,6.71,TR,1601522345
446,Grand-Santi,4.25,-54.38,73.4,94,99,4.25,GF,1601522345
447,Umeå,63.83,20.26,48.2,100,90,5.82,SE,1601522346
448,Waingapu,-9.66,120.26,89.62,49,56,13.98,ID,1601522346
449,Artesia,33.87,-118.08,87.8,34,1,3.36,US,1601522346
450,Kalmunai,7.42,81.82,82.8,61,62,4.29,LK,1601522347
451,Langham,52.37,-106.97,43.0,80,20,5.82,CA,1601522347
452,Garissa,-0.45,39.64,72.73,75,1,8.37,KE,1601522347
453,Okhtyrka,50.31,34.9,60.06,40,94,17.85,UA,1601522348
454,Shache,38.42,77.24,61.41,30,100,12.88,CN,1601522348
455,Marsala,37.8,12.44,75.0,88,75,4.7,IT,1601522348
456,Tărlungeni,45.63,25.75,50.0,90,100,1.5,RO,1601522349
457,Luanda,-8.84,13.23,73.4,83,75,6.93,AO,1601522082
458,Ancud,-41.87,-73.82,44.01,93,75,6.93,CL,1601522349
459,Oyama,36.3,139.8,73.99,88,90,4.7,JP,1601522350
460,Helong,42.54,129.0,62.06,47,1,4.61,CN,1601522350
461,Imbituba,-28.24,-48.67,71.6,100,75,13.87,BR,1601522350
462,Ambilobe,-13.2,49.05,70.93,89,35,4.05,MG,1601521880
463,Lana,46.61,11.16,45.0,75,5,3.36,IT,1601522351
464,Magdagachi,53.45,125.8,51.39,65,91,7.16,RU,1601522351
465,Sindor,62.86,51.89,45.99,96,99,5.91,RU,1601522352
466,Auki,-8.77,160.7,84.94,66,100,5.28,SB,1601522352
467,Mehamn,71.04,27.85,50.0,87,75,11.41,NO,1601522352
468,Ahipara,-35.17,173.17,58.66,59,54,3.31,NZ,1601522353
469,San Isidro,-12.12,-77.05,62.6,82,75,13.87,PE,1601522353
470,Coxim,-18.51,-54.76,86.0,17,30,4.74,BR,1601522353
471,Giohar,2.78,45.5,72.9,88,89,5.84,SO,1601522354
472,Laas,46.62,10.7,45.0,93,5,4.7,IT,1601521976
473,Dombarovskiy,50.76,59.54,47.19,62,0,10.04,RU,1601522354
474,Iranshahr,27.2,60.68,73.4,16,0,6.93,IR,1601522355
475,Kamaishi,39.27,141.88,60.8,72,75,1.12,JP,1601522355
476,Nefteyugansk,61.1,72.6,44.6,100,90,6.71,RU,1601522355
477,Bac Lieu,9.29,105.72,84.27,72,100,15.46,VN,1601522318
478,Langxiang,46.95,128.88,56.32,49,2,6.8,CN,1601522356
479,Paso de los Toros,-32.82,-56.52,64.15,94,0,7.09,UY,1601522356
480,Caucaia,-3.74,-38.65,80.6,74,40,16.11,BR,1601522356
481,Mt. Pleasant,32.79,-79.86,64.0,100,20,0.2,US,1601521974
482,Anchorage,61.22,-149.9,59.0,67,75,5.82,US,1601522357
483,San Policarpo,12.18,125.51,84.85,71,99,7.18,PH,1601521955
484,Phan Thiet,10.93,108.1,83.35,75,100,2.75,VN,1601522357
485,Lavrentiya,65.58,-171.0,38.64,78,67,13.02,RU,1601522009
486,Port Hardy,50.7,-127.42,62.6,82,90,3.36,CA,1601521941
487,Hay River,60.82,-115.8,42.8,75,75,6.93,CA,1601521893
488,Cienfuegos,22.15,-80.44,73.4,94,75,2.24,CU,1601522358
489,Tacuarembó,-31.73,-55.98,69.44,95,54,5.46,UY,1601522358
490,Maragogi,-9.01,-35.22,74.07,83,19,7.83,BR,1601522359
491,Rettikhovka,44.17,132.77,62.71,58,37,2.01,RU,1601522359
492,Mīzan Teferī,6.98,35.58,61.16,82,99,2.89,ET,1601522360
493,KwaDukuza,-29.33,31.29,60.8,82,0,8.05,ZA,1601522360
494,San Nicolas,18.17,120.6,84.2,83,75,3.36,PH,1601522360
495,Isangel,-19.55,169.27,80.6,65,75,11.41,VU,1601521909
496,Cap Malheureux,-19.98,57.61,73.99,72,2,3.0,MU,1601522361
497,Savannah Bight,16.45,-85.85,85.12,68,53,5.64,HN,1601522361
498,Yining,29.04,114.56,75.34,69,98,1.28,CN,1601522362
499,Rocha,-34.48,-54.33,61.72,94,0,3.38,UY,1601522362
500,Biltine,14.53,20.92,77.18,75,91,8.16,TD,1601522362
501,Khatanga,71.97,102.5,28.54,98,100,10.29,RU,1601521891
502,Brae,60.4,-1.35,53.6,100,100,17.22,GB,1601522363
503,El Alto,-4.27,-81.21,61.86,87,11,14.92,PE,1601522363
504,Teknāf,20.86,92.31,84.54,76,40,10.67,BD,1601522364
505,Riyadh,24.69,46.72,69.8,30,0,2.24,SA,1601522364
506,Vrangel',42.73,133.08,59.95,54,28,6.42,RU,1601522365
507,Bara,10.37,10.73,71.2,95,7,3.85,NG,1601522365
508,Tiarei,-17.53,-149.33,84.2,62,20,6.93,PF,1601521953
509,Boa Vista,2.82,-60.67,84.2,62,56,1.12,BR,1601521853
510,Lakselv,70.05,24.97,50.0,81,56,14.99,NO,1601522366
511,Kango,0.19,10.1,72.57,91,100,0.69,GA,1601522366
512,Lázaro Cárdenas,17.96,-102.2,79.29,78,2,2.73,MX,1601522367
513,Kapit,2.02,112.93,93.02,52,99,0.98,MY,1601522367
514,Carnaíba,-8.7,-37.67,65.84,87,0,9.1,BR,1601522367
515,Cherëmukhovo,60.35,59.99,43.84,82,19,2.59,RU,1601522368
516,Betafo,-19.83,46.85,60.93,54,5,4.43,MG,1601522368
517,Mizdah,31.45,12.98,64.74,77,0,1.97,LY,1601522368
518,Mantena,-18.78,-40.98,69.85,87,36,4.5,BR,1601522369
519,General Roca,-39.03,-67.58,50.0,39,0,11.41,AR,1601522369
520,Chuguyevka,44.17,133.86,63.19,44,58,3.44,RU,1601522369
521,Xinzhou,38.41,112.73,64.76,35,17,7.85,CN,1601522370
522,Shādegān,30.65,48.66,84.2,83,0,6.6,IR,1601522370
523,Pochutla,15.74,-96.47,78.01,90,100,2.28,MX,1601522370
524,Kununurra,-15.77,128.73,91.4,52,47,3.36,AU,1601522371
525,Rize,40.9,40.89,49.26,90,72,3.98,TR,1601522371
